steps,time,reward,delta,converged
1,0.0017739999999974998,255.0,125.25,False
2,0.0013289999999983593,255.0,0,True
