steps,time,reward,delta,converged
1,0.0014210000000000056,0.5500000000000002,0.5527500000000001,False
2,0.0017650000000000166,0.5500000000000002,0,True
