steps,time,reward,delta,converged
1,0.0017769999999996955,-0.23432712128929567,0.5897065150872325,False
2,0.0014289999999999026,1.180102174328574,0.05632754527019196,False
3,0.0013179999999994862,1.1801170593258532,1.9540494847602313e-06,True
