steps,time,reward,delta,converged
1,0.007540999999999798,-1.6904933591644449,0.7242135524682252,False
2,0.007883999999997116,0.41472378165052526,0.04761677276787833,False
3,0.009364000000001482,0.4343591827815775,0.003894653565831387,False
4,0.006782999999998651,0.43755074860973786,7.177350321134479e-05,False
5,0.011817000000000633,0.4375716825068272,2.815170765403316e-06,False
6,0.00629199999999841,0.4375738838395787,6.979094300417141e-07,False
7,0.007580000000000808,0.4375737717897817,6.978089142906096e-07,False
8,0.006418000000000035,0.4375737666273811,6.978092575481501e-07,True
