steps,time,reward,delta,converged
1,0.004374000000000322,0.24850000000000022,0.7020000000000002,False
2,0.002468000000000359,0.24850000000000022,0,True
