steps,time,reward,delta,converged
1,0.008561999999997738,-5.520857011300435,0.7581078540054874,False
2,0.013844999999999885,0.5462916835739298,0.13523405894515642,False
3,0.015668999999999045,0.9789053194599571,0.06922031720006579,False
4,0.008524999999998784,1.1436640073813276,0.01948186761397314,False
5,0.007708999999998412,1.1729988758871817,0.010334899878252424,False
6,0.009769000000002137,1.188867386873627,0.0005935503225809723,False
7,0.009596999999999412,1.1916914676330392,0.00015801559112715163,False
8,0.010995000000001198,1.1919243316968766,3.2384418559782205e-05,False
9,0.009864000000000317,1.1919846697808767,1.4904333153244187e-06,True
