steps,time,reward,delta,converged
1,0.0005889999999979523,0.5435687701760001,0.7988020277760001,False
2,0.00025300000000072487,0.7137685113016321,0.12768584261760002,False
3,0.0002349999999964325,0.7476983556282878,0.021090337087129603,False
4,0.00023500000000353793,0.7497020428052841,0.0009720110412363234,False
5,0.00026000000000436785,0.7497635356316762,3.346612187509618e-05,False
6,0.0003489999999999327,0.7497641638874095,1.4203477236990336e-06,True
