steps,time,reward,delta,converged
1,0.0002670000000009054,0.5368196664320002,0.7984061880320001,False
2,0.00021800000000382624,0.9803894083215363,0.2551893115904001,False
3,0.0002610000000018431,1.1591298284690363,0.08826717159546886,False
4,0.00020700000000317686,1.1786319089756014,0.00911663732219703,False
5,0.00020700000000317686,1.1800663636291584,0.0007365762808039245,False
6,0.0002040000000036457,1.1801266189939634,6.173563865984489e-05,False
7,0.00020299999999906504,1.180123215651382,1.4982639390724584e-05,False
8,0.00020500000000112095,1.1801196787121047,5.571211226613679e-06,True
