steps,time,reward,delta,converged
1,0.0002420000000000755,0.5500000000000002,0.7990000000000002,False
2,0.00021600000000177033,0.5500000000000002,0,True
