steps,time,reward,delta,converged
1,0.0008600000000029695,0.24850000000000022,0.6995000000000001,False
2,0.0008570000000034383,0.24850000000000022,0,True
